table:,country,,,,
country_id,name,Description,region,continent,country_dialing_code
1,Algeria,Algeria,Northern Africa,Africa,
2,Angola,Angola,Middle Africa,Africa,
3,Benin,Benin,Western Africa,Africa,
4,Botswana,Botswana,Southern Africa,Africa,
5,Burkina Faso,Burkina Faso,Western Africa,Africa,
6,Burundi,Burundi,Eastern Africa,Africa,
7,Cabo Verde,Cabo Verde,Western Africa,Africa,
8,Cameroon,Cameroon,Middle Africa,Africa,
9,Central African Republic,Central African Republic,Middle Africa,Africa,
10,Chad,Chad,Middle Africa,Africa,
11,Comoros,Comoros,Eastern Africa,Africa,
12,Republic of the Congo,Congo,Middle Africa,Africa,
13,Ivory Coast,Cote d'Ivoire,Western Africa,Africa,
14,Democratic Republic of the Congo,Democratic Republic of the Congo,Middle Africa,Africa,
15,Djibouti,Djibouti,Eastern Africa,Africa,
16,Egypt,Egypt,Northern Africa,Africa,
17,Equatorial Guinea,Equatorial Guinea,Middle Africa,Africa,
18,Eritrea,Eritrea,Eastern Africa,Africa,
19,Ethiopia,Ethiopia,Eastern Africa,Africa,
20,Gabon,Gabon,Middle Africa,Africa,
21,Gambia,Gambia,Western Africa,Africa,
22,Ghana,Ghana,Western Africa,Africa,
23,Guinea,Guinea,Western Africa,Africa,
24,Guinea-Bissau,Guinea-Bissau,Western Africa,Africa,
25,Kenya,Kenya,Eastern Africa,Africa,
26,Lesotho,Lesotho,Southern Africa,Africa,
27,Liberia,Liberia,Western Africa,Africa,
28,Libya,Libya,Northern Africa,Africa,
29,Madagascar,Madagascar,Eastern Africa,Africa,
30,Malawi,Malawi,Eastern Africa,Africa,
31,Mali,Mali,Western Africa,Africa,
32,Mauritania,Mauritania,Western Africa,Africa,
33,Mauritius,Mauritius,Eastern Africa,Africa,
34,Mayotte,Mayotte,Eastern Africa,Africa,
35,Morocco,Morocco,Northern Africa,Africa,
36,Mozambique,Mozambique,Eastern Africa,Africa,
37,Namibia,Namibia,Southern Africa,Africa,
38,Niger,Niger,Western Africa,Africa,
39,Nigeria,Nigeria,Western Africa,Africa,
40,Rwanda,Rwanda,Eastern Africa,Africa,
41,Réunion,Réunion,Eastern Africa,Africa,
42,Saint Helena,Saint Helena,Western Africa,Africa,
43,Sao Tome and Principe,Sao Tome and Principe,Middle Africa,Africa,
44,Senegal,Senegal,Western Africa,Africa,
45,Seychelles,Seychelles,Eastern Africa,Africa,
46,Sierra Leone,Sierra Leone,Western Africa,Africa,
47,Somalia,Somalia,Eastern Africa,Africa,
48,South Africa,South Africa,Southern Africa,Africa,
49,South Sudan,South Sudan,Eastern Africa,Africa,
50,Sudan,Sudan,Northern Africa,Africa,
51,Swaziland,Swaziland,Southern Africa,Africa,
52,Togo,Togo,Western Africa,Africa,
53,Tunisia,Tunisia,Northern Africa,Africa,
54,Uganda,Uganda,Eastern Africa,Africa,
55,Tanzania,United Republic of Tanzania,Eastern Africa,Africa,
56,Western Sahara,Western Sahara,Northern Africa,Africa,
57,Zambia,Zambia,Eastern Africa,Africa,
58,Zimbabwe,Zimbabwe,Eastern Africa,Africa,
59,Afghanistan,Afghanistan,Southern Asia,Asia,
60,Armenia,Armenia,Western Asia,Asia,
61,Azerbaijan,Azerbaijan,Western Asia,Asia,
62,Bahrain,Bahrain,Middle-east Asia,Asia,
63,Bangladesh,Bangladesh,Southern Asia,Asia,
64,Bhutan,Bhutan,Southern Asia,Asia,
65,Brunei,Brunei Darussalam,South-Eastern Asia,Asia,
66,Cambodia,Cambodia,South-Eastern Asia,Asia,
67,China,China,Eastern Asia,Asia,
68,Hong Kong,"China, Hong Kong SAR",Eastern Asia,Asia,
69,"China, Macao SAR","China, Macao SAR",Eastern Asia,Asia,
70,Cyprus,Cyprus,Western Asia,Asia,
71,North Korea,Dem. People's Republic of Korea,Eastern Asia,Asia,
72,Georgia,Georgia,Western Asia,Asia,
73,India,India,Southern Asia,Asia,
74,Indonesia,Indonesia,South-Eastern Asia,Asia,
75,Iran,Iran (Islamic Republic of),Middle-east Asia,Asia,
76,Iraq,Iraq,Middle-east Asia,Asia,
77,Israel,Israel,Middle-east Asia,Asia,
78,Japan,Japan,Eastern Asia,Asia,
79,Jordan,Jordan,Middle-east Asia,Asia,
80,Kazakhstan,Kazakhstan,Central Asia,Asia,
81,Kuwait,Kuwait,Middle-east Asia,Asia,
82,Kyrgyzstan,Kyrgyzstan,Central Asia,Asia,
83,Lao People's Democratic Republic,Lao People's Democratic Republic,South-Eastern Asia,Asia,
84,Lebanon,Lebanon,Middle-east Asia,Asia,
85,Malaysia,Malaysia,South-Eastern Asia,Asia,
86,Maldives,Maldives,Southern Asia,Asia,
87,Mongolia,Mongolia,Eastern Asia,Asia,
88,Myanmar,Myanmar,South-Eastern Asia,Asia,
89,Nepal,Nepal,Southern Asia,Asia,
90,Oman,Oman,Middle-east Asia,Asia,
91,Pakistan,Pakistan,Southern Asia,Asia,
92,Philippines,Philippines,South-Eastern Asia,Asia,
93,Qatar,Qatar,Middle-east Asia,Asia,
94,South Korea,Republic of Korea,Eastern Asia,Asia,
95,Saudi Arabia,Kingdom of Saudi Arabia,Middle-east Asia,Asia,
96,Singapore,Singapore,South-Eastern Asia,Asia,
97,Sri Lanka,Sri Lanka,Southern Asia,Asia,
98,Palestine,State of Palestine,Middle-east Asia,Asia,
99,Syria,Syrian Arab Republic,Middle-east Asia,Asia,
100,Tajikistan,Tajikistan,Central Asia,Asia,
101,Thailand,Thailand,South-Eastern Asia,Asia,
102,Democratic Republic of Timor-Leste,Democratic Republic of Timor-Leste,South-Eastern Asia,Asia,
103,Turkey,Turkey,Western Asia,Asia,
104,Turkmenistan,Turkmenistan,Central Asia,Asia,
105,United Arab Emirates,United Arab Emirates,Middle-east Asia,Asia,
106,Uzbekistan,Uzbekistan,Central Asia,Asia,
107,VietNam,VietNam,South-Eastern Asia,Asia,
108,Yemen,Yemen,Middle-east Asia,Asia,
109,Albania,Albania,Southern Europe,Europe,
110,Andorra,Andorra,Southern Europe,Europe,
111,Austria,Austria,Western Europe,Europe,
112,Belarus,Belarus,Eastern Europe,Europe,
113,Belgium,Belgium,Western Europe,Europe,
114,Bosnia and Herzegovina,Bosnia and Herzegovina,Southern Europe,Europe,
115,Bulgaria,Bulgaria,Eastern Europe,Europe,
116,Channel Islands,Channel Islands,Northern Europe,Europe,
117,Croatia,Croatia,Southern Europe,Europe,
118,Czech Republic,Czech Republic,Eastern Europe,Europe,
119,Denmark,Denmark,Northern Europe,Europe,
120,Estonia,Estonia,Northern Europe,Europe,
121,Faeroe Islands,Faeroe Islands,Northern Europe,Europe,
122,Finland,Finland,Northern Europe,Europe,
123,France,France,Western Europe,Europe,
124,Germany,Germany,Western Europe,Europe,
125,Gibraltar,Gibraltar,Southern Europe,Europe,
126,Greece,Greece,Southern Europe,Europe,
127,Guernsey,Guernsey,Northern Europe,Europe,
128,Holy See,Holy See,Southern Europe,Europe,
129,Hungary,Hungary,Eastern Europe,Europe,
130,Iceland,Iceland,Northern Europe,Europe,
131,Ireland,Ireland,Northern Europe,Europe,
132,Isle of Man,Isle of Man,Northern Europe,Europe,
133,Italy,Italy,Southern Europe,Europe,
134,Jersey,Jersey,Northern Europe,Europe,
135,Latvia,Latvia,Northern Europe,Europe,
136,Liechtenstein,Liechtenstein,Western Europe,Europe,
137,Republic of Lithuania,Republic of Lithuania,Northern Europe,Europe,
138,Luxembourg,Luxembourg,Western Europe,Europe,
139,Malta,Malta,Southern Europe,Europe,
140,Monaco,Monaco,Western Europe,Europe,
141,Montenegro,Montenegro,Southern Europe,Europe,
142,Netherlands,Netherlands,Western Europe,Europe,
143,Norway,Norway,Northern Europe,Europe,
144,Poland,Poland,Eastern Europe,Europe,
145,Portugal,Portugal,Southern Europe,Europe,
146,Republic of Moldova,Republic of Moldova,Eastern Europe,Europe,
147,Romania,Romania,Eastern Europe,Europe,
148,Russia,Russian Federation,Eastern Europe,Europe,
149,San Marino,San Marino,Southern Europe,Europe,
150,Sark,Sark,Northern Europe,Europe,
151,Serbia,Serbia,Southern Europe,Europe,
152,Slovakia,Slovakia,Eastern Europe,Europe,
153,Slovenia,Slovenia,Southern Europe,Europe,
154,Spain,Spain,Southern Europe,Europe,
155,Svalbard and Jan Mayen Islands,Svalbard and Jan Mayen Islands,Northern Europe,Europe,
156,Sweden,Sweden,Northern Europe,Europe,
157,Switzerland,Switzerland,Western Europe,Europe,
158,North Macedonia,The former Yugoslav Republic of Macedonia,Southern Europe,Europe,
159,Ukraine,Ukraine,Eastern Europe,Europe,
160,United Kingdom,United Kingdom,Northern Europe,Europe,
161,Åland Islands,Åland Islands,Northern Europe,Europe,
162,Anguilla,Anguilla,Caribbean,North America,
163,Antigua and Barbuda,Antigua and Barbuda,Caribbean,North America,
164,Aruba,Aruba,Caribbean,North America,
165,Bahamas,Bahamas,Caribbean,North America,
166,Barbados,Barbados,Caribbean,North America,
167,Belize,Belize,Central America,North America,
168,Bermuda,Bermuda,Northern America,North America,
169,"Bonaire, Saint Eustatius and Saba","Bonaire, Saint Eustatius and Saba",Caribbean,North America,
170,British Virgin Islands,British Virgin Islands,Caribbean,North America,
171,Canada,Canada,Northern America,North America,
172,Cayman Islands,Cayman Islands,Caribbean,North America,
173,Costa Rica,Costa Rica,Central America,North America,
174,Cuba,Cuba,Caribbean,North America,
175,Curaçao,Curaçao,Caribbean,North America,
176,Dominica,Dominica,Caribbean,North America,
177,Dominican Republic,Dominican Republic,Caribbean,North America,
178,El Salvador,El Salvador,Central America,North America,
179,Greenland,Greenland,Northern America,North America,
180,Grenada,Grenada,Caribbean,North America,
181,Guadeloupe,Guadeloupe,Caribbean,North America,
182,Guatemala,Guatemala,Central America,North America,
183,Haiti,Haiti,Caribbean,North America,
184,Honduras,Honduras,Central America,North America,
185,Jamaica,Jamaica,Caribbean,North America,
186,Martinique,Martinique,Caribbean,North America,
187,Mexico,Mexico,Central America,North America,
188,Montserrat,Montserrat,Caribbean,North America,
189,Nicaragua,Nicaragua,Central America,North America,
190,Panama,Panama,Central America,North America,
191,Puerto Rico,Puerto Rico,Caribbean,North America,
192,Saint Kitts and Nevis,Saint Kitts and Nevis,Caribbean,North America,
193,Saint Lucia,Saint Lucia,Caribbean,North America,
194,Saint Martin (French part),Saint Martin (French part),Caribbean,North America,
195,Saint Pierre and Miquelon,Saint Pierre and Miquelon,Northern America,North America,
196,Saint Vincent and the Grenadines,Saint Vincent and the Grenadines,Caribbean,North America,
197,Saint-Barthélemy,Saint-Barthélemy,Caribbean,North America,
198,Sint Maarten (Dutch part),Sint Maarten (Dutch part),Caribbean,North America,
199,Trinidad and Tobago,Trinidad and Tobago,Caribbean,North America,
200,Turks and Caicos Islands,Turks and Caicos Islands,Caribbean,North America,
201,United States,United States of America,Northern America,North America,
202,United States Virgin Islands,United States Virgin Islands,Caribbean,North America,
203,Argentina,Argentina,South America,South America,
204,Bolivia,Bolivia (Plurinational State of),South America,South America,
205,Brazil,Brazil,South America,South America,
206,Chile,Chile,South America,South America,
207,Colombia,Colombia,South America,South America,
208,Ecuador,Ecuador,South America,South America,
209,Falkland Islands (Malvinas),Falkland Islands (Malvinas),South America,South America,
210,French Guiana,French Guiana,South America,South America,
211,Guyana,Guyana,South America,South America,
212,Paraguay,Paraguay,South America,South America,
213,Peru,Peru,South America,South America,
214,Suriname,Suriname,South America,South America,
215,Uruguay,Uruguay,South America,South America,
216,Venezuela,Venezuela (Bolivarian Republic of),South America,South America,
217,American Samoa,American Samoa,Polynesia,Oceania,
218,Australia,Australia,Australia and New Zealand,Oceania,
219,Cook Islands,Cook Islands,Polynesia,Oceania,
220,Fiji,Fiji,Melanesia,Oceania,
221,French Polynesia,French Polynesia,Polynesia,Oceania,
222,Guam,Guam,Micronesia,Oceania,
223,Kiribati,Kiribati,Micronesia,Oceania,
224,Marshall Islands,Marshall Islands,Micronesia,Oceania,
225,Micronesia (Federated States of),Micronesia (Federated States of),Micronesia,Oceania,
226,Nauru,Nauru,Micronesia,Oceania,
227,New Caledonia,New Caledonia,Melanesia,Oceania,
228,New Zealand,New Zealand,Australia and New Zealand,Oceania,
229,Niue,Niue,Polynesia,Oceania,
230,Norfolk Island,Norfolk Island,Australia and New Zealand,Oceania,
231,Northern Mariana Islands,Northern Mariana Islands,Micronesia,Oceania,
232,Palau,Palau,Micronesia,Oceania,
233,Papua New Guinea,Papua New Guinea,Melanesia,Oceania,
234,Pitcairn,Pitcairn,Polynesia,Oceania,
235,Samoa,Samoa,Polynesia,Oceania,
236,Solomon Islands,Solomon Islands,Melanesia,Oceania,
237,Tokelau,Tokelau,Polynesia,Oceania,
238,Tonga,Tonga,Polynesia,Oceania,
239,Tuvalu,Tuvalu,Polynesia,Oceania,
240,Vanuatu,Vanuatu,Melanesia,Oceania,
241,Wallis and Futuna Islands,Wallis and Futuna Islands,Polynesia,Oceania,
246,Taiwan,"Taiwan, Republic of China",South-Eastern Asia,Asia,
,,,,,
,,,,,
,,,,,
table,province_or_state,,,,
province_or_state_id,name,description,country_id,,
1,Argentine Antarctica,Province of Argentina,203,,
2,Buenos Aires Province,Province of Argentina,203,,
3,Chubut,Province of Argentina,203,,
4,Córdoba,Province of Argentina,203,,
5,Corrientes,Province of Argentina,203,,
6,Mendoza,Province of Argentina,203,,
7,Neuquén,Province of Argentina,203,,
8,Río Negro,Province of Argentina,203,,
9,Salta,Province of Argentina,203,,
10,Santa Cruz,Province of Argentina,203,,
11,Santa Fe,Province of Argentina,203,,
12,Tierra del Fuego,Province of Argentina,203,,
13,Tucumán,Province of Argentina,203,,
14,Australian Capital Territory,Province of Australia,218,,
15,New South Wales,Province of Australia,218,,
16,Norfolk Island,Province of Australia,218,,
17,Northern Territory,Province of Australia,218,,
18,Queensland,Province of Australia,218,,
19,South Australia,Province of Australia,218,,
20,Tasmania,Province of Australia,218,,
21,Victoria,Province of Australia,218,,
22,Western Australia,Province of Australia,218,,
23,Salzburg,Province of Austria,111,,
24,Styria,Province of Austria,111,,
25,Tyrol,Province of Austria,111,,
26,Upper Austria,Province of Austria,111,,
27,Vienna,Province of Austria,111,,
28,Gomel Voblast,Province of Belarus,112,,
29,Brussels,Province of Belgium,113,,
30,Flanders,Province of Belgium,113,,
31,Acre,Province of Brazil,205,,
32,Alagoas,Province of Brazil,205,,
33,Amapá,Province of Brazil,205,,
34,Amazonas,Province of Brazil,205,,
35,Bahia,Province of Brazil,205,,
36,Ceará,Province of Brazil,205,,
37,Distrito Federal,Province of Brazil,205,,
38,Espírito Santo,Province of Brazil,205,,
39,Goiás,Province of Brazil,205,,
40,Maranhão,Province of Brazil,205,,
41,Mato Grosso,Province of Brazil,205,,
42,Mato Grosso do Sul,Province of Brazil,205,,
43,Minas Gerais,Province of Brazil,205,,
44,Pará,Province of Brazil,205,,
45,Paraíba,Province of Brazil,205,,
46,Paraná,Province of Brazil,205,,
47,Pernambuco,Province of Brazil,205,,
48,Piauí,Province of Brazil,205,,
49,Rio de Janeiro,Province of Brazil,205,,
50,Rio Grande do Norte,Province of Brazil,205,,
51,Rio Grande do Sul,Province of Brazil,205,,
52,Rondônia,Province of Brazil,205,,
53,Roraima,Province of Brazil,205,,
54,Santa Catarina,Province of Brazil,205,,
55,São Paulo,Province of Brazil,205,,
56,Sergipe,Province of Brazil,205,,
57,Tocantins,Province of Brazil,205,,
58,Alberta,Province of Canada,171,,
59,British Columbia,Province of Canada,171,,
60,Manitoba,Province of Canada,171,,
61,New Brunswick,Province of Canada,171,,
62,Newfoundland and Labrador,Province of Canada,171,,
63,Northwest Territories,Province of Canada,171,,
64,Nova Scotia,Province of Canada,171,,
65,Nunavut,Province of Canada,171,,
66,Ontario,Province of Canada,171,,
67,Prince Edward Island,Province of Canada,171,,
68,Quebec,Province of Canada,171,,
69,Saskatchewan,Province of Canada,171,,
70,Yukon,Province of Canada,171,,
71,Antártica Chilena Province,Province of Chile,206,,
72,Easter Island,Province of Chile,206,,
73,Équateur,Province of Democratic Republic of the Congo,14,,
74,Aarhus,Province of Denmark,119,,
75,Faroe Islands,Province of Denmark,119,,
76,Greenland,Province of Denmark,119,,
77,Crimea,Province of Disputed,,,
78,Harju County,Province of Estonia,120,,
79,Tartu County,Province of Estonia,120,,
80,Valga County,Province of Estonia,120,,
81,Central Finland,Province of Finland,122,,
82,Lapland,Province of Finland,122,,
83,Northern Ostrobothnia,Province of Finland,122,,
84,Ostrobothnia,Province of Finland,122,,
85,Päijät-Häme,Province of Finland,122,,
86,Pirkanmaa,Province of Finland,122,,
87,Pohjois-Savo,Province of Finland,122,,
88,Southwest Finland,Province of Finland,122,,
89,Uusimaa,Province of Finland,122,,
90,Alsace,Province of France,123,,
91,Aquitaine,Province of France,123,,
92,French Guiana,Province of France,123,,
93,French Polynesia,Province of France,123,,
94,Guadeloupe,Province of France,123,,
95,Île-de-France,Province of France,123,,
96,Martinique,Province of France,123,,
97,Mayotte,Province of France,123,,
98,Midi-Pyrénées,Province of France,123,,
99,New Caledonia,Province of France,123,,
100,Nord-Pas-de-Calais,Province of France,123,,
101,Pays de la Loire,Province of France,123,,
102,Provence-Alpes-Côte d'Azur,Province of France,123,,
103,Réunion,Province of France,123,,
104,Rhône-Alpes,Province of France,123,,
105,Saint Pierre and Miquelon,Province of France,123,,
106,Wallis and Futuna,Province of France,123,,
107,Abkhazia,Province of Georgia,72,,
108,South Ossetia,Province of Georgia,72,,
109,Baden-Württemberg,Province of Germany,124,,
110,Bavaria,Province of Germany,124,,
111,Berlin,Province of Germany,124,,
112,Bremen,Province of Germany,124,,
113,Hamburg,Province of Germany,124,,
114,Hesse,Province of Germany,124,,
115,Lower Saxony,Province of Germany,124,,
116,Mecklenburg-Vorpommern,Province of Germany,124,,
117,North Rhine-Westphalia,Province of Germany,124,,
118,Saxony,Province of Germany,124,,
119,Schleswig-Holstein,Province of Germany,124,,
120,Thuringia,Province of Germany,124,,
121,Greater Accra,Province of Ghana,22,,
122,Crete,Province of Greece,126,,
123,Greek Macedonia,Province of Greece,126,,
124,Capital Region,Province of Iceland,130,,
125,Northeastern Region,Province of Iceland,130,,
126,Westfjords,Province of Iceland,130,,
127,Andhra Pradesh,Andhra Pradesh is a state of India,73,,
128,Arunachal Pradesh,Arunachal Pradesh is a state of India,73,,
129,Assam,Assam is a state of India,73,,
130,Bihar,Bihar is a state of India,73,,
131,Chhattisgarh,Chhattisgarh is a state of India,73,,
132,Goa,Goa is a state of India,73,,
133,Gujarat,Gujarat is a state of India,73,,
134,Haryana,Haryana is a state of India,73,,
135,Himachal Pradesh,Himachal Pradesh is a state of India,73,,
136,Jharkhand,Jharkhand is a state of India,73,,
137,Karnataka,Karnataka is a state of India,73,,
138,Kerala,Kerala is a state of India,73,,
139,Madhya Pradesh,Madhya Pradesh is a state of India,73,,
140,Maharashtra,Maharashtra is a state of India,73,,
141,Manipur,Manipur is a state of India,73,,
142,Meghalaya,Meghalaya is a state of India,73,,
143,Mizoram,Mizoram is a state of India,73,,
144,Nagaland,Nagaland is a state of India,73,,
145,Odisha,Odisha is a state of India,73,,
146,Punjab,Punjab is a state of India,73,,
147,Rajasthan,Rajasthan is a state of India,73,,
148,Sikkim,Sikkim is a state of India,73,,
149,Tamil Nadu,Tamil Nadu is a state of India,73,,
150,Telangana,Telangana is a state of India,73,,
151,Tripura,Tripura is a state of India,73,,
152,Uttar Pradesh,Uttar Pradesh is a state of India,73,,
153,Uttarakhand,Uttarakhand is a state of India,73,,
154,West Bengal,West Bengal is a state of India,73,,
155,Andaman and Nicobar Islands,Andaman and Nicobar Islands is a union territory of India,73,,
156,Chandigarh,Chandigarh is a union territory of India,73,,
157,Dadra & Nagar Haveli and Daman & Diu,Dadra & Nagar Haveli and Daman & Diu is a union territory of India,73,,
158,Delhi,National Capital Territory (NCT) of Delhi is a union territory of India,73,,
159,Jammu & Kashmir,Jammu & Kashmir is a union territory of India,73,,
160,Ladakh,Ladakh is a union territory of India,73,,
161,Lakshadweep,Lakshadweep is a union territory of India,73,,
162,Puducherry,Puducherry is a union territory of India,73,,
163,Aceh,Province of Indonesia,74,,
164,Bali,Province of Indonesia,74,,
165,Central Java,Province of Indonesia,74,,
166,East Java,Province of Indonesia,74,,
167,East Kalimantan,Province of Indonesia,74,,
168,Jakarta,Province of Indonesia,74,,
169,Maluku,Province of Indonesia,74,,
170,North Sumatera,Province of Indonesia,74,,
171,Papua,Province of Indonesia,74,,
172,Riau,Province of Indonesia,74,,
173,South Sulawesi,Province of Indonesia,74,,
174,South Sumatera,Province of Indonesia,74,,
175,Special Region of Yogyakarta,Province of Indonesia,74,,
176,West Java,Province of Indonesia,74,,
177,West Kalimantan,Province of Indonesia,74,,
178,West Sumatera,Province of Indonesia,74,,
179,Markazi,Province of Iran,75,,
180,Tehran,Province of Iran,75,,
181,Iraqi Kurdistan,Province of Iraq,76,,
182,Leinster,Province of Ireland,131,,
183,Munster,Province of Ireland,131,,
184,Abruzzo,Province of Italy,133,,
185,Apulia,Province of Italy,133,,
186,Campania,Province of Italy,133,,
187,Emilia-Romagna,Province of Italy,133,,
188,Lazio,Province of Italy,133,,
189,Liguria,Province of Italy,133,,
190,Lombardy,Province of Italy,133,,
191,Piedmont,Province of Italy,133,,
192,Sardinia,Province of Italy,133,,
193,Sicily,Province of Italy,133,,
194,Tuscany,Province of Italy,133,,
195,Veneto,Province of Italy,133,,
196,Aichi,Province of Japan,78,,
197,Akita,Province of Japan,78,,
198,Aomori,Province of Japan,78,,
199,Chiba,Province of Japan,78,,
200,Ehime,Province of Japan,78,,
201,Fukui,Province of Japan,78,,
202,Fukuoka,Province of Japan,78,,
203,Fukushima,Province of Japan,78,,
204,Gifu,Province of Japan,78,,
205,Gunma,Province of Japan,78,,
206,Hiroshima,Province of Japan,78,,
207,Hokkaido,Province of Japan,78,,
208,Hyogo,Province of Japan,78,,
209,Ibaraki,Province of Japan,78,,
210,Ishikawa,Province of Japan,78,,
211,Iwate,Province of Japan,78,,
212,Kagawa,Province of Japan,78,,
213,Kagoshima,Province of Japan,78,,
214,Kanagawa,Province of Japan,78,,
215,Kōchi,Province of Japan,78,,
216,Kumamoto,Province of Japan,78,,
217,Mie,Province of Japan,78,,
218,Miyagi,Province of Japan,78,,
219,Miyazaki,Province of Japan,78,,
220,Nagano,Province of Japan,78,,
221,Nagasaki,Province of Japan,78,,
222,Nara,Province of Japan,78,,
223,Niigata,Province of Japan,78,,
224,Ōita,Province of Japan,78,,
225,Okayama,Province of Japan,78,,
226,Okinawa,Province of Japan,78,,
227,Osaka,Province of Japan,78,,
228,Saga,Province of Japan,78,,
229,Shiga,Province of Japan,78,,
230,Shimane,Province of Japan,78,,
231,Shizuoka,Province of Japan,78,,
232,Tochigi,Province of Japan,78,,
233,Tokushima,Province of Japan,78,,
234,Tottori,Province of Japan,78,,
235,Toyama,Province of Japan,78,,
236,Wakayama,Province of Japan,78,,
237,Yamagata,Province of Japan,78,,
238,Yamaguchi,Province of Japan,78,,
239,Yamanashi,Province of Japan,78,,
240,Atyrau Region,Province of Kazakhstan,80,,
241,North Kazakhstan,Province of Kazakhstan,80,,
242,Kosovo,Province of Kosovo,146,,
243,Southern Region,Province of Malawi,30,,
244,Federal Territory,Province of Malaysia,85,,
245,Johor,Province of Malaysia,85,,
246,Kedah,Province of Malaysia,85,,
247,Kelantan,Province of Malaysia,85,,
248,Malacca,Province of Malaysia,85,,
249,Penang,Province of Malaysia,85,,
250,Perak,Province of Malaysia,85,,
251,Sabah,Province of Malaysia,85,,
252,Sarawak,Province of Malaysia,85,,
253,Aguascalientes,Province of Mexico,187,,
254,Baja California,Province of Mexico,187,,
255,Baja California Sur,Province of Mexico,187,,
256,Chiapas,Province of Mexico,187,,
257,Chihuahua,Province of Mexico,187,,
258,Coahuila,Province of Mexico,187,,
259,Durango,Province of Mexico,187,,
260,Guanajuato,Province of Mexico,187,,
261,Guerrero,Province of Mexico,187,,
262,Jalisco,Province of Mexico,187,,
263,Nuevo León,Province of Mexico,187,,
264,Puebla,Province of Mexico,187,,
265,Querétaro,Province of Mexico,187,,
266,Quintana Roo,Province of Mexico,187,,
267,San Luis Potosí,Province of Mexico,187,,
268,Sinaloa,Province of Mexico,187,,
269,Sonora,Province of Mexico,187,,
270,Tamaulipas,Province of Mexico,187,,
271,Veracruz,Province of Mexico,187,,
272,Yucatán,Province of Mexico,187,,
273,Transnistria,Province of Moldova,146,,
274,Agadir Prefecture,Province of Morocco,35,,
275,Tangier-Assilah,Province of Morocco,35,,
276,Western Sahara,Province of Morocco,35,,
277,Aruba,Province of Netherlands,142,,
278,Curaçao,Province of Netherlands,142,,
279,Groningen,Province of Netherlands,142,,
280,Limburg (Netherlands),Province of Netherlands,142,,
281,North Holland,Province of Netherlands,142,,
282,Overijssel,Province of Netherlands,142,,
283,South Holland,Province of Netherlands,142,,
284,Utrecht,Province of Netherlands,142,,
285,Canterbury,Province of New Zealand,228,,
286,Chatham Islands,Province of New Zealand,228,,
287,Cook Islands,Province of New Zealand,228,,
288,Niue,Province of New Zealand,228,,
289,Otago,Province of New Zealand,228,,
290,Southland,Province of New Zealand,228,,
291,Wellington Region,Province of New Zealand,228,,
292,Kangwon,Province of North Korea,71,,
293,North Hamgyong,Province of North Korea,71,,
294,North Hwanghae,Province of North Korea,71,,
295,Finnmark,County of Norway,143,,
296,Hordaland,County of Norway,143,,
297,Nordland,County of Norway,143,,
298,Nord-Trøndelag,County of Norway,143,,
299,Oppland,County of Norway,143,,
300,Oslo,County of Norway,143,,
301,Sør-Trøndelag,County of Norway,143,,
302,Svalbard,County of Norway,143,,
303,Troms,County of Norway,143,,
304,Balochistan,Province of Pakistan,91,,
305,Islamabad Capital Territory,Province of Pakistan,91,,
306,Khyber Pakhtunkhwa,Province of Pakistan,91,,
307,Punjab,Province of Pakistan,91,,
308,Sindh,Province of Pakistan,91,,
309,Gaza Strip,Province of Palestine,98,,
310,Gansu,Province of People's Republic of China,67,,
311,Guangdong,Province of People's Republic of China,67,,
312,Guangxi,Province of People's Republic of China,67,,
313,Hainan,Province of People's Republic of China,67,,
314,Hebei,Province of People's Republic of China,67,,
315,Heilongjiang,Province of People's Republic of China,67,,
316,Henan,Province of People's Republic of China,67,,
317,Hong Kong,Province of People's Republic of China,67,,
318,Hubei,Province of People's Republic of China,67,,
319,Jiangsu,Province of People's Republic of China,67,,
320,Jilin,Province of People's Republic of China,67,,
321,Liaoning,Province of People's Republic of China,67,,
322,Macau,Province of People's Republic of China,67,,
323,Qinghai,Province of People's Republic of China,67,,
324,Shaanxi,Province of People's Republic of China,67,,
325,Shandong,Province of People's Republic of China,67,,
326,Shanxi,Province of People's Republic of China,67,,
327,Sichuan,Province of People's Republic of China,67,,
328,Tibet,Province of People's Republic of China,67,,
329,Xinjiang,Province of People's Republic of China,67,,
330,Yunnan,Province of People's Republic of China,67,,
331,Zhejiang,Province of People's Republic of China,67,,
332,Lima Province,Province of Peru,213,,
333,Cebu,Province of Philippines,92,,
334,Davao del Norte,Province of Philippines,92,,
335,Iloilo,Province of Philippines,92,,
336,National Capital Region,Province of Philippines,92,,
337,Northern Samar,Province of Philippines,92,,
338,Zamboanga del Sur,Province of Philippines,92,,
339,Greater Poland,Province of Poland,144,,
340,Lesser Poland,Province of Poland,144,,
341,Masovian Voivodship,Province of Poland,144,,
342,Pomeranian Voivodeship,Province of Poland,144,,
343,Azores,Province of Portugal,145,,
344,Braga District,Province of Portugal,145,,
345,Madeira,Province of Portugal,145,,
346,Cluj County,Province of Romania,147,,
347,Arkhangelsk Oblast,Province of Russia,148,,
348,Chelyabinsk Oblast,Province of Russia,148,,
349,Chukotka Autonomous Okrug,Province of Russia,148,,
350,Irkutsk Oblast,Province of Russia,148,,
351,Kaliningrad Oblast,Province of Russia,148,,
352,Kamchatka Krai,Province of Russia,148,,
353,Krasnodar Krai,Province of Russia,148,,
354,Krasnoyarsk Krai,Province of Russia,148,,
355,Magadan Oblast,Province of Russia,148,,
356,Murmansk Oblast,Province of Russia,148,,
357,Nizhny Novgorod Oblast,Province of Russia,148,,
358,Novosibirsk Oblast,Province of Russia,148,,
359,Omsk Oblast,Province of Russia,148,,
360,Perm Krai,Province of Russia,148,,
361,Primorsky Krai,Province of Russia,148,,
362,Republic of Bashkortostan,Province of Russia,148,,
363,Rostov Oblast,Province of Russia,148,,
364,Sakha Republic,Province of Russia,148,,
365,Samara Oblast,Province of Russia,148,,
366,Saratov Oblast,Province of Russia,148,,
367,Sverdlovsk Oblast,Province of Russia,148,,
368,Tatarstan,Province of Russia,148,,
369,Udmurt Republic,Province of Russia,148,,
370,Volgograd Oblast,Province of Russia,148,,
371,Vologda Oblast,Province of Russia,148,,
372,Voronezh Oblast,Province of Russia,148,,
373,Yaroslavl Oblast,Province of Russia,148,,
374,Vojvodina,Province of Serbia,151,,
375,Somaliland,Province of Somalia,47,,
376,Eastern Cape,Province of South Africa,48,,
377,Free State,Province of South Africa,48,,
378,Gauteng,Province of South Africa,48,,
379,KwaZulu-Natal,Province of South Africa,48,,
380,Limpopo,Province of South Africa,48,,
381,Mpumalanga,Province of South Africa,48,,
382,North West,Province of South Africa,48,,
383,Northern Cape,Province of South Africa,48,,
384,Western Cape,Province of South Africa,48,,
385,Andalusia,Province of Spain,154,,
386,Aragon,Province of Spain,154,,
387,Balearic Islands,Province of Spain,154,,
388,Basque Country,Province of Spain,154,,
389,Canary Islands,Province of Spain,154,,
390,Castile and León,Province of Spain,154,,
391,Catalonia,Province of Spain,154,,
392,Galicia,Province of Spain,154,,
393,Madrid,Province of Spain,154,,
394,Melilla,Province of Spain,154,,
395,Principado de Asturias,Province of Spain,154,,
396,Valencian Community,Province of Spain,154,,
397,Gotland,Province of Sweden,156,,
398,Jämtland,Province of Sweden,156,,
399,Närke,Province of Sweden,156,,
400,Norrbotten,Province of Sweden,156,,
401,Östergötland,Province of Sweden,156,,
402,Stockholm County,Province of Sweden,156,,
403,Sweden,Province of Sweden,156,,
404,Uppland,Province of Sweden,156,,
405,Västerbotten,Province of Sweden,156,,
406,Västergötland,Province of Sweden,156,,
407,Västernorrland,Province of Sweden,156,,
408,Aargau,Province of Switzerland,157,,
409,Appenzell Outer-Rhodes,Province of Switzerland,157,,
410,Appenzell Inner-Rhodes,Province of Switzerland,157,,
411,Basel-Country,Province of Switzerland,157,,
412,Basel-City,Province of Switzerland,157,,
413,Berne,Province of Switzerland,157,,
414,Freiburg,Province of Switzerland,157,,
415,Geneva,Province of Switzerland,157,,
416,Glarus,Province of Switzerland,157,,
417,Graubünden,Province of Switzerland,157,,
418,Jura,Province of Switzerland,157,,
419,Lucerne,Province of Switzerland,157,,
420,Neuchâtel,Province of Switzerland,157,,
421,Nidwald,Province of Switzerland,157,,
422,Obwald,Province of Switzerland,157,,
423,Schaffhouse,Province of Switzerland,157,,
424,Schwyz,Province of Switzerland,157,,
425,Soleure,Province of Switzerland,157,,
426,St. Gall,Province of Switzerland,157,,
427,Thurgovia,Province of Switzerland,157,,
428,Tessin,Province of Switzerland,157,,
429,Uri,Province of Switzerland,157,,
430,Valais,Province of Switzerland,157,,
431,Vaud,Province of Switzerland,157,,
432,Zoug,Province of Switzerland,157,,
433,Zürich,Province of Switzerland,157,,
434,Swiss Confederation,Province of Switzerland,157,,
435,Chiang Mai Province,Province of Thailand,101,,
436,Chiang Rai Province,Province of Thailand,101,,
437,Mugla,Province of Turkey,103,,
438,Trabzon Province,Province of Turkey,103,,
439,Donetsk Oblast,Province of Ukraine,159,,
440,Kharkiv Oblast,Province of Ukraine,159,,
441,Kiev Oblast,Province of Ukraine,159,,
442,Lviv Oblast,Province of Ukraine,159,,
443,Odessa Oblast,Province of Ukraine,159,,
444,Abu Dhabi,Province of United Arab Emirates,105,,
445,Dubai,Province of United Arab Emirates,105,,
446,Sharjah,Province of United Arab Emirates,105,,
447,Ajman,Province of United Arab Emirates,105,,
448,Umm Al Quwain,Province of United Arab Emirates,105,,
449,Ras Al Khaimah,Province of United Arab Emirates,105,,
450,Fujairah,Province of United Arab Emirates,105,,
451,Anguilla,Province of United Kingdom,160,,
452,Bermuda,Province of United Kingdom,160,,
453,British Antarctic Territory,Province of United Kingdom,160,,
454,British Virgin Islands,Province of United Kingdom,160,,
455,Cayman Islands,Province of United Kingdom,160,,
456,England,Province of United Kingdom,160,,
457,Falkland Islands,Province of United Kingdom,160,,
458,Gibraltar,Province of United Kingdom,160,,
459,Isle of Man,Province of United Kingdom,160,,
460,Northern Ireland,Province of United Kingdom,160,,
461,Pitcairn Islands,Province of United Kingdom,160,,
462,Saint Helena,Province of United Kingdom,160,,
463,Scotland,Province of United Kingdom,160,,
464,Shetland,Province of United Kingdom,160,,
465,South Georgia and the South Sandwich Islands,Province of United Kingdom,160,,
466,Tristan da Cunha,Province of United Kingdom,160,,
467,Turks and Caicos Islands,Province of United Kingdom,160,,
468,Wales,Province of United Kingdom,160,,
469,Alabama,Province of United States,201,,
470,Alaska,Province of United States,201,,
471,American Samoa,Province of United States,201,,
472,Arizona,Province of United States,201,,
473,Arkansas,Province of United States,201,,
474,California,Province of United States,201,,
475,Colorado,Province of United States,201,,
476,Connecticut,Province of United States,201,,
477,Delaware,Province of United States,201,,
478,District of Columbia,Province of United States,201,,
479,Florida,Province of United States,201,,
480,Georgia,Province of United States,201,,
481,Guam,Province of United States,201,,
482,Hawaii,Province of United States,201,,
483,Idaho,Province of United States,201,,
484,Illinois,Province of United States,201,,
485,Indiana,Province of United States,201,,
486,Iowa,Province of United States,201,,
487,Kansas,Province of United States,201,,
488,Kentucky,Province of United States,201,,
489,Louisiana,Province of United States,201,,
490,Maine,Province of United States,201,,
491,Maryland,Province of United States,201,,
492,Massachusetts,Province of United States,201,,
493,Michigan,Province of United States,201,,
494,Minnesota,Province of United States,201,,
495,Mississippi,Province of United States,201,,
496,Missouri,Province of United States,201,,
497,Montana,Province of United States,201,,
498,Nebraska,Province of United States,201,,
499,Nevada,Province of United States,201,,
500,New Hampshire,Province of United States,201,,
501,New Jersey,Province of United States,201,,
502,New Mexico,Province of United States,201,,
503,New York,Province of United States,201,,
504,North Carolina,Province of United States,201,,
505,North Dakota,Province of United States,201,,
506,Northern Mariana Islands,Province of United States,201,,
507,Ohio,Province of United States,201,,
508,Oklahoma,Province of United States,201,,
509,Oregon,Province of United States,201,,
510,Pennsylvania,Province of United States,201,,
511,Puerto Rico,Province of United States,201,,
512,Rhode Island,Province of United States,201,,
513,South Carolina,Province of United States,201,,
514,South Dakota,Province of United States,201,,
515,Tennessee,Province of United States,201,,
516,Texas,Province of United States,201,,
517,United States Virgin Islands,Province of United States,201,,
518,Utah,Province of United States,201,,
519,Vermont,Province of United States,201,,
520,Virginia,Province of United States,201,,
521,Washington,Province of United States,201,,
522,West Virginia,Province of United States,201,,
523,Wisconsin,Province of United States,201,,
524,Wyoming,Province of United States,201,,
525,Karakalpakstan,Province of Uzbekistan,106,,
526,Carabobo,Province of Venezuela,216,,
527,Mérida,Province of Venezuela,216,,
528,Táchira,Province of Venezuela,216,,
529,Bulawayo,Province of Zimbabwe,58,,
530,Harare,Province of Zimbabwe,58,,
531,Manicaland,Province of Zimbabwe,58,,
532,Midlands,Province of Zimbabwe,58,,
